United States, United Kingdom, Germany
3 4 Sleeve T Shirt,3 4 Sleeve T Shirt, Dreiviertelarm T-Shirt
A Line Suede Skirt, A Line Suede Skirt, A-Linie Wildleder Rock
Anorak With Hood,Parka with Hood, Anorak mit Kapuze
Asymetric Coat, Asymetric Coat, Asymmetrischer Mantel
Asymetric Sweater With Wide Sleeves, Asymmetric Jumper With Wide Sleeves, Asymmetrischer Pullover Mit Weiten Ärmeln
Basic Loose T Shirt, Basic Loose T Shirt, Basic-losen T-shirt
Basic T Shirt, Basic T Shirt, Basic T Shirt
Basic T Shirt, Basic T Shirt, Basic T Shirt
Blouse With Wide Flounced Sleeve, Blouse With Wide Flounced Sleeve, Bluse mit breitem Volant Ärmel 
Bomber Jacket, Bomber Jacket, Bomberjacke
Checked Shirt, Checked Shirt, Kariertes Hemd
Checked Slim Fit Shirt, Checked Slim Fit Shirt, Kariertes Slim Fit Shirt
Coat With Pockets, Coat With Pockets, Mantel mit Taschen
Cotton Shirt, Cotton Shirt, Baumwolle Hemd
Covered Placket Shirt, Covered Placket Shirt, Hemd mit Verdeckter Knopfleiste 
Crop Top, Crop Top, Crop Top
Crop Top With Tie, Crop Top With Tie, Crop Top mit Krawatte
Cropped Fitted Sweater, Cropped Fitted Jumper, Verkürzter Taillierter Pullover
Denim Hooded Jacket, Denim Hooded Jacket, Jeansjacke mit Kapuze
Denim Jacket, Denim Jacket, Jeansjacke
Denim Shirt, Denim Shirt, Jeanshemd
Dotted Shirt, Dotted Shirt, Hemd mit Punktenmuster
Double Breasted Jacket, Double Breasted Jacket, Zweireiherjacke
Down Jacket, Down Jacket, Daunenjacke
Down Jacket With Hood, Down Jacket With Hood, Daunenjacke mit Kapuze
Dress With Belt, Dress With Belt, Kleid mit Gürtel
Elegant Blouse With Chocker, Elegant Blouse With Choker, Elegante Bluse mit Halsreif
Elegant Flared Dress, Elegant Flared Dress, Elegant Ausgestelltes Kleid
Fitted Skirt, Fitted Skirt, Taillierter Rock
Flared Dress, Flared Dress, Ausgestelltes Kleid
Flared Midi Skirt, Flared Midi Skirt, Ausgestellter Midirock
Flared Skirt, Flared Skirt, Ausgestellter Rock
Floral Flared Skirt, Floral Flared Skirt, Blumenglockenrock
Floral Shirt, Floral Shirt, Hemd mit Blumenmuster
Floral Wrap Dress, Floral Wrap Dress, Wickelkleid mit Blumenmuster
Flounced Dress, Flounced Dress, Volantes Kleid
High Neck Sweater, High Neck Jumper, High Neck Pullover
High Waist Pants, High Waist Trousers, High Waist Hose
High Waist Pants With Pockets, High Waist Trousers with Pockets, High Waist Hose mit Taschen
Hooded Jacket, Hooded Jacket , Kapuzenjacke
Hoodie, Hoodie, Kapuzenpullover
Jacket With Liner, Jacket With Liner, Jacke mit Liner
Jumper, Jumper, Pullover
Knitted High Neck Sweater, Knitted High Neck Jumper, Gestrickter High Neck Pullover
Knitted V Neck Sweater, Knitted V Neck Jumper , Gestrickter Pullover mit V-Ausschnitt
Laced Crop Top, Laced Crop Top, Laced Crop Top
Leather Biker Jacket, Leather Biker Jacket, Leder Bikerjacke
Leather Skirt With Lacing, Leather Skirt With Lacing, Lederrock mit Schnürung
Leightweight Running Jacket, Lightweight Running Jacket, Leichte Laufjacke
Linen Shirt, Linen Shirt, Leinenhemd
Long Coat With Belt, Long Coat With Belt, Langer Mantel mit Gürtel
Long Sleeve Jumper, Long Sleeve Jumper, Langarmpullover
Long Sleeve Jumper With Pocket, Long Sleeve Jumper With Pocket, Langarmpullover mit Tasche
Long Sleeve Knitted Dress, Long Sleeve Knitted Dress, Langarm-Strickkleid
Long Sleeve Sweatshirt, Long Sleeve Sweatshirt, Langarm Sweatshirt
Long Sleeve Sweatshirt test  test  test  test  test  test , Long Sleeve Sweatshirt, Langarm Sweatshirt
Long Sleeve T Shirt, Long Sleeve T Shirt, Langarm T Shirt
Long Sleeves Crop Top, Long Sleeve Crop Top, Langarm Crop Top
Long Sleeves Yoga Crop Top, Long Sleeve Yoga Crop Top, Langarm Yoga Top
Long Wool Blend Coat With Belt, Long Wool Blend Coat With Belt, Langer Wollmischmantel mit Gürtel
Loose Fitted Jacket, Loose Fitted Jacket, Lose taillierte Jacke
Loose T Shirt With Pocket Imitation, Loose T Shirt With Pocket Imitation, Loses T-Shirt mit Taschenimitation
Midi Skirt With Bottoms, Midi Skirt With Bottoms, Midi-Rock mit Bottoms
Oversize Sweatshirt, Oversize Sweatshirt, Oversize Sweatshirt
Oversize T Shirt Wrapped On Back, Oversize T Shirt Wrapped On Back, Oversize T Shirt Wrapped auf dem Rücken
Oversized Knitted Sweater, Oversized Knitted Pullover, Oversized Strickpullover
Oversized Sweatshirt, Oversized Sweatshirt, Oversized Sweatshirt
Pants, Trousers, Hosen
Pleated Skirt 2, Pleated Skirt 2, Faltenrock 2
Pleated Sleeve T Shirt, Pleated Sleeve T Shirt, Faltenärmel T-Shirt
Pleated Sleeve V Neck Shirt, Pleated Sleeve V Neck Shirt, Faltenärmel T-Shirt mit V-Ausschnitt
Polo T Shirt, Polo T Shirt, Polo T Shirt
Printed Dress, Printed Dress, Kleid mit Printmuster
Printed Pants, Printed Trousers, Hose mit Printmuster
Printed Pants With Holes, Printed Trousers With Holes, Bedruckte Hose mit Löchern
Printed Shirt, Printed Shirt, Hemd mit Printmuster
Printed Short Sleeve Shirt, Printed Short Sleeve Shirt, Bedrucktes Kurzarmhemd
Printed Slit Sleeves Dress, Printed Slit Sleeves Dress, Bedrucktes Kleid mit geschlitzten Ärmeln
Printed T Shirt, Printed T Shirt, Bedrucktes T Shirt
Printed Wrapped Blouse, Printed Wrapped Blouse, Bedruckte Bluse mit gewickelten Ärmeln
Raw Edge T Shirt, Raw Edge T Shirt, Raw Edge T Shirt
Regular Shirt, Regular Shirt, Regular Hemd
Regular Shirt With Rolled Up Sleeves, Regular Shirt With Rolled Up Sleeves, Regular Hemd mit hochgekrempelten Ärmeln
Running Sweatshirt, Running Sweatshirt, Sweatshirt zum Laufen
Scrappy Crop Top With Tie, Scrappy Crop Top With Tie, Scrappy Crop Top mit Krawatte
Scrappy Top, Scrappy Top, Scrappy Top
Semi Sheer Shirt With Floral Cuffs, Semi Sheer Shirt With Floral Cuffs, Semi Sheer Hemd mit Blumenmanschetten
Semi Sheer Shirt With Pockets, Semi Sheer Shirt With Pockets, Semi Sheer Hemd mit Taschen
Shined Pants, Shined Trousers, Glänzende Hosen
Short Pants, Short Trousers, Kurze Hosen
Short Sleeve Shirt, Short Sleeve Shirt, Kurzarmhemd
Skater Short Skirt, Skater Short Skirt, Skater Kurzer Rock
Skater Skirt,Skater Skirt , Skater Rock
Sleeveless Loose Top, Sleeveless Loose Top, Ärmelloses lockeres Top
Slim Fit Shirt, Slim Fit Shirt, Slim Fit Hemd
Slit Maxi Dress, Slit Maxi Dress, Schlitz Maxikleid
Sport Cropp Top, Sport Cropp Top, Sport Cropp Top
Sport Waistcoat, Sport Waistcoat, Sportweste
Sport Windproof Jacket, Sport Windproof Jacket, Sport Windjacke
Sports Bra, Sports Bra, Sport-BH
Sports Bra Low Support, Sports Bra Low Support, Low Sport-BH-Support
Sports Bra Medium Support, Sports Bra Medium Support,  Medium Sport-BH-Support
Striped Shirt, Striped Shirt, Gestreiftes Hemd
Striped Shirt Dress, Striped Shirt Dress, Gestreiftes Hemdkleid
Stripped Jumper,Striped Pullover, Gestreifter Pullover
Suede Biker Jacket, Suede Biker Jacket, Bikerjacke aus Wildleder
T Shirt With Holes, T Shirt With Holes, T-Shirt mit Löchern
Tank Top, Vest, Tank Top
V Neck Floral Dress, V Neck Floral Dress, Blumenleid mit V-Ausschnitt
V Neck Floral Maxi Dress, V Neck Floral Maxi Dress , Blumen-Maxikleid mit V-Ausschnitt
V Neck Shirt, V Neck Shirt, Hemd mit V-Ausschnitt
V Neck T Shirt, V Neck T Shirt, T Shirt mit V-Ausschnitt
V Neck Wide Shirt, V Neck Wide Shirt, Breites Hemd mit V-Ausschnitt
Wool Blend Coat, Wool Blend Coat, Wollmischung Mantel
Wool Blend Coat With Belt, Wool Blend Coat With Belt, Wollmischung Mantel mit Gürtel
Wool Blend Short Coat, Wool Blend Short Coat, Wollmischung Kurzmantel
Zipped High Neck Sweater, Zipped High Neck Sweater, High Neck Zipper - Strickpullover
Zipped Jacket, Zipped Jacket, Jacke mit Reißverschluss
only length, lenght only, nur Länge
